# harmonic chain vacuum, ring N=4000; d(eps) = smallest number of eigenvalues of rho_A with weight >= 1-eps
mass,l,S_bits,log2_d_eps_1e-02,log2_d_eps_1e-04,log2_d_eps_1e-06
1,2,0.1588375008,1,2.321928095,3
1,4,0.1612551556,1,2.321928095,3.459431619
1,8,0.1612944602,1,2.584962501,3.459431619
1,16,0.1612944729,1,2.584962501,3.584962501
1,32,0.1612944729,1,2.584962501,3.584962501
1,64,0.1612944729,1,2.584962501,3.584962501
1,128,0.1612944729,1,2.584962501,3.584962501
0.1,2,0.8665372368,2,3.459431619,4.321928095
0.1,4,0.9954556389,2.321928095,4.087462841,5.392317423
0.1,8,1.074989678,2.584962501,4.459431619,5.95419631
0.1,16,1.106017633,2.584962501,4.64385619,6.266786541
0.1,32,1.11095998,2.584962501,4.807354922,6.392317423
0.1,64,1.111106586,2.584962501,4.807354922,6.426264755
0.1,128,1.11110676,2.584962501,4.857980995,6.426264755
0.01,2,1.305835664,2.584962501,3.906890596,4.906890596
0.01,4,1.530902131,2.807354922,4.754887502,6.129283017
0.01,8,1.737323143,3.321928095,5.392317423,6.965784285
0.01,16,1.917836304,3.584962501,5.95419631,7.665335917
0.01,32,2.062160992,3.906890596,6.426264755,8.276124405
0.01,64,2.158797949,4.169925001,6.768184325,8.74819285
0.01,128,2.203881041,4.247927513,6.988684687,9.052568051
