# m=0.01, l=64, S=2.1588 bits; bound: sum over kept modes of log2 ceil(ln(K/eps)/ln(1/q_k))
eps,d,log2_product_bound,modes_kept
0.1,5,4.584962501,8
0.0316227766,10,6.321928095,8
0.01,18,6.906890596,9
0.00316227766,30,7.906890596,9
0.001,48,9.977279923,10
0.000316227766,74,10.97727992,10
0.0001,109,12.14720492,11
3.16227766e-05,159,12.9068906,11
1e-05,225,14.21431912,12
3.16227766e-06,314,14.4918531,12
1e-06,430,16.60733031,13
3.16227766e-07,580,18.17367714,13
1e-07,773,18.88417052,14
3.16227766e-08,1020,19.98370619,14
1e-08,1331,20.51422091,15
3.16227766e-09,1721,21.97163336,15
1e-09,2209,23.15363119,16
3.16227766e-10,2812,24.23163371,16
1e-10,3556,25.46913302,19
3.16227766e-11,4469,27.04202269,31
1e-11,5583,27.19159904,42
3.16227766e-12,6942,28.52637697,42
1e-12,8595,30.71706053,42
